{"cameraMode":{"drawMode":0,"name":"Shaded","section":"Shading Mode"},"sceneLighting":false,"audioPlay":false,"sceneViewState":{"m_AlwaysRefresh":false,"showFog":true,"showSkybox":false,"showFlares":true,"showImageEffects":true,"showParticleSystems":true,"showVisualEffectGraphs":true,"m_FxEnabled":true},"in2DMode":false,"pivot":{"x":379.61517333984377,"y":9.838645935058594,"z":181.95278930664063},"rotation":{"x":-0.16397851705551148,"y":-0.44939592480659487,"z":0.08450371026992798,"w":-0.8742815852165222},"size":12.156049728393555,"orthographic":false}